	{

		"metadata": {
			"formatVersion" : 3.1,
			"generatedBy"   : "Blender 2.7 Exporter",
			"vertices"      : 81,
			"faces"         : 158,
			"normals"       : 81,
			"colors"        : 0,
			"uvs"           : [89],
			"materials"     : 1,
			"morphTargets"  : 0,
			"bones"         : 0
		},

			"scale" : 1.000000,
			
			"vertices" : [3.91334,5.3687,-0.542083,3.93178,6.49268,-0.045572,5.31494,6.29913,-0.0512539,4.11138,6.75291,-0.231292,5.31542,5.70209,-0.944094,5.4816,7.00879,-1.01523,5.49944,6.16078,-1.26833,4.53372,7.29649,-1.25068,4.43386,6.07755,0.0295827,3.30455,5.64018,-1.46525,3.56819,5.45256,-0.986938,2.89768,6.96206,-1.59117,4.86844,5.99802,0.000520945,4.95305,7.05945,-1.5022,3.35067,5.43068,-0.607857,3.04396,6.01793,-1.98027,5.55626,6.74828,-1.48674,4.26868,5.66362,-2.16442,2.68052,6.23912,-0.275977,4.82804,5.47157,-0.889959,4.59622,6.73247,-2.30339,3.3755,6.95673,-2.01991,4.45262,7.28377,-0.785648,3.26168,7.32339,-1.04079,4.12199,7.37602,-1.42943,3.6062,7.39151,-0.797331,3.67875,7.35432,-1.26111,4.18566,7.05832,-2.40146,2.66746,6.69144,-0.487141,4.72491,5.37115,-0.526303,5.4604,5.85474,-0.519678,3.94223,7.1407,-0.521774,2.9098,5.73277,-0.491177,4.66522,5.76151,-2.16886,3.51068,6.38115,0.118611,4.27643,6.03952,-2.4782,4.27697,6.51332,-2.62451,3.17749,6.75314,0.0469067,5.02387,5.84162,-2.02956,2.66594,6.64922,-1.62449,4.86056,6.25341,-2.29903,3.56207,6.03857,-2.41401,4.39696,5.49649,-1.2045,2.44888,6.50639,-1.04058,3.88853,5.51371,-1.41835,3.23981,5.62365,-0.221446,3.97302,6.07969,0.0405734,5.44514,6.26341,-1.81089,5.50964,6.72693,-0.573085,4.93564,6.65628,0.039355,4.61873,6.98999,-0.37793,3.21412,7.22749,-0.478969,3.80759,6.37733,-2.61833,4.38722,5.36479,-0.693307,3.22955,7.13672,-1.55762,5.04882,6.72886,-1.92837,3.34026,5.9102,0.0910076,3.82345,7.2451,-1.82781,4.31857,5.44998,-1.80284,4.38089,5.67908,-0.0280254,3.58438,6.76932,-0.14494,4.51359,7.18851,-1.88518,3.71458,6.80675,-2.33974,2.54384,6.13802,-0.696256,2.96742,6.30863,0.149168,2.80844,6.06843,-1.29853,2.6482,7.13523,-1.13852,5.14269,6.98914,-0.269425,4.0521,7.38165,-0.979124,5.76204,6.66405,-1.0171,2.93915,6.70132,-2.01108,5.6332,6.15169,-0.71263,3.32503,6.56398,-2.26121,5.06469,7.14606,-0.933542,4.47924,6.46722,-0.0486388,4.94394,5.70834,-1.51553,3.76477,5.64828,-2.06384,2.9837,5.6183,-0.946052,3.71484,5.48581,0.00711763,5.13471,5.52679,-0.39837,4.02963,5.38904,-0.963911],
			"faces"    : [42,36,52,62,0,0,1,2,0,1,2,42,5,73,48,0,3,4,5,3,4,5,42,40,36,20,0,6,0,7,6,0,7,42,68,26,25,0,8,9,10,8,9,10,42,22,68,31,0,11,8,12,11,8,12,42,20,61,55,0,7,13,14,7,13,14,42,22,7,68,0,11,15,8,11,15,8,42,17,58,76,0,16,17,18,16,17,18,42,54,21,70,0,19,20,21,19,20,21,42,63,18,28,0,22,23,24,22,23,24,42,54,26,57,0,19,9,25,19,9,25,42,46,34,56,0,26,27,28,26,27,28,42,31,51,60,0,12,29,30,12,29,30,42,69,5,48,0,31,3,5,31,3,5,42,67,49,2,0,32,33,34,32,33,34,42,50,22,31,0,35,11,12,35,11,12,42,49,74,12,0,33,36,37,33,36,37,42,5,69,16,0,3,31,38,3,31,38,42,3,31,60,0,39,12,30,39,12,30,42,22,50,73,0,11,35,4,11,35,4,42,8,59,12,0,40,41,37,40,41,37,42,61,27,57,0,13,42,25,13,42,25,42,59,8,46,0,41,40,26,41,40,26,42,27,20,36,0,42,7,0,42,7,0,42,7,73,13,0,15,4,43,15,4,43,42,35,17,76,0,44,16,18,44,16,18,42,37,28,64,0,45,24,46,45,24,46,42,57,24,61,0,25,47,13,25,47,13,42,14,32,77,0,48,49,50,48,49,50,42,49,67,50,0,33,32,35,33,32,35,42,28,66,43,0,51,52,53,24,51,52,42,25,51,31,0,10,29,12,10,29,12,42,31,3,50,0,12,39,35,12,39,35,42,10,14,77,0,54,55,56,53,48,50,42,61,20,27,0,13,7,42,13,7,42,42,54,11,66,0,19,57,52,19,54,51,42,6,47,16,0,58,59,38,55,56,38,42,68,24,26,0,8,47,9,8,47,9,42,11,54,70,0,57,19,21,54,19,21,42,27,62,57,0,42,2,25,42,2,25,42,2,49,12,0,34,33,37,34,33,37,42,21,62,72,0,20,2,60,20,2,57,42,17,35,33,0,16,44,61,16,44,58,42,39,11,70,0,62,57,21,59,54,21,42,68,25,31,0,8,10,12,8,10,12,42,8,74,46,0,40,36,26,40,36,26,42,34,64,56,0,27,46,28,27,46,28,42,26,54,23,0,9,19,63,9,19,60,42,3,60,1,0,39,30,64,39,30,61,42,74,8,12,0,36,40,37,36,40,37,42,58,17,33,0,17,16,61,17,16,58,42,50,3,74,0,35,39,36,35,39,36,42,37,64,34,0,45,46,27,45,46,27,42,28,43,63,0,51,53,65,24,52,22,42,60,37,34,0,30,45,27,30,45,27,42,11,39,66,0,57,62,52,54,59,51,42,73,5,16,0,4,3,38,4,3,38,42,61,7,13,0,13,15,43,13,15,43,42,24,68,7,0,47,8,15,47,8,15,42,28,37,51,0,24,45,29,24,45,29,42,74,49,50,0,36,33,35,36,33,35,42,1,46,74,0,64,26,36,61,26,36,42,24,7,61,0,47,15,13,47,15,13,42,7,22,73,0,15,11,4,15,11,4,42,66,28,51,0,52,51,66,51,24,29,42,62,27,36,0,2,42,0,2,42,0,42,51,25,23,0,66,67,63,29,10,60,42,21,72,70,0,20,60,21,20,57,21,42,74,3,1,0,36,39,64,36,39,61,42,72,41,15,0,60,68,69,57,62,63,42,24,57,26,0,47,25,9,47,25,9,42,26,23,25,0,9,63,67,9,60,10,42,18,64,28,0,23,46,24,23,46,24,42,47,55,16,0,59,14,38,56,14,38,42,55,40,20,0,14,6,7,14,6,7,42,45,32,14,0,70,49,48,64,49,48,42,52,72,62,0,1,60,2,1,57,2,42,76,41,35,0,18,68,44,18,62,44,42,40,38,33,0,6,71,61,6,65,58,42,13,73,16,0,43,4,38,43,4,38,42,43,39,65,0,53,62,72,52,59,66,42,78,45,14,0,73,70,48,67,64,48,42,38,40,47,0,71,6,59,65,6,56,42,38,75,33,0,71,74,61,65,68,58,42,53,29,59,0,75,76,41,69,70,41,42,41,52,35,0,68,1,44,62,1,44,42,1,34,46,0,64,27,26,61,27,26,42,21,54,57,0,20,19,25,20,19,25,42,61,13,55,0,13,43,14,13,43,14,42,79,29,19,0,77,76,78,71,70,72,42,71,30,4,0,79,80,81,73,74,75,42,52,41,72,0,1,68,60,1,62,57,42,58,33,75,0,17,61,74,17,58,68,42,23,54,66,0,63,19,52,60,19,51,42,65,39,15,0,72,62,69,66,59,63,42,36,40,35,0,0,6,44,0,6,44,42,55,13,16,0,14,43,38,14,43,38,42,29,79,59,0,76,77,41,70,71,41,42,41,76,15,0,68,18,69,62,18,63,42,78,56,45,0,73,28,70,67,28,64,42,52,36,35,0,1,0,44,1,0,44,42,2,12,79,0,34,37,77,34,37,71,42,9,15,76,0,82,69,18,76,63,18,42,34,1,60,0,27,64,30,27,61,30,42,37,60,51,0,45,30,29,45,30,29,42,16,69,6,0,38,31,58,38,31,55,42,79,30,2,0,77,80,34,71,74,34,42,39,43,66,0,62,53,52,59,52,51,42,56,78,46,0,28,73,26,28,67,26,42,40,33,35,0,6,61,44,6,58,44,42,51,23,66,0,66,63,52,29,60,51,42,14,0,78,0,48,83,73,48,77,67,42,62,21,57,0,2,20,25,2,20,25,42,56,64,45,0,28,46,70,28,46,64,42,47,40,55,0,59,6,14,56,6,14,42,47,6,75,0,59,58,74,56,55,68,42,32,45,64,0,49,70,46,49,64,46,42,39,70,15,0,62,21,69,59,21,63,42,19,42,75,0,78,84,74,72,78,68,42,75,38,47,0,74,71,59,68,65,56,42,30,71,2,0,80,79,34,74,73,34,42,30,79,4,0,80,77,81,74,71,75,42,4,19,75,0,81,78,74,75,72,68,42,29,53,19,0,76,75,78,70,69,72,42,67,48,73,0,32,5,4,32,5,4,42,12,59,79,0,37,41,77,37,41,71,42,53,59,0,0,75,41,83,69,41,77,42,48,67,2,0,5,32,34,5,32,34,42,44,80,10,0,85,86,54,79,80,53,42,18,63,32,0,23,22,49,23,22,49,42,76,44,9,0,18,85,82,18,79,76,42,64,18,32,0,46,23,49,46,23,49,42,0,14,10,0,87,55,54,77,48,53,42,73,50,67,0,4,35,32,4,35,32,42,10,77,9,0,54,56,82,53,50,76,42,65,15,9,0,72,69,82,66,63,76,42,46,78,59,0,26,73,41,26,67,41,42,48,71,69,0,5,79,31,5,73,31,42,72,15,70,0,60,69,21,57,63,21,42,19,4,79,0,78,81,77,72,75,71,42,6,69,71,0,58,31,79,55,31,73,42,19,53,42,0,78,75,84,72,69,78,42,71,4,6,0,79,81,58,73,75,55,42,78,0,59,0,73,83,41,67,77,41,42,76,58,44,0,18,17,85,18,17,79,42,9,44,10,0,82,85,54,76,79,53,42,10,80,0,0,54,86,87,53,80,77,42,71,48,2,0,79,5,34,73,5,34,42,80,44,42,0,86,85,84,80,79,78,42,80,42,53,0,86,84,75,80,78,69,42,58,75,42,0,17,74,84,17,68,78,42,58,42,44,0,17,84,85,17,78,79,42,4,75,6,0,81,74,58,75,68,55,42,77,32,63,0,50,49,22,50,49,22,42,63,43,65,0,65,53,72,22,52,66,42,65,77,63,0,72,56,65,66,50,22,42,77,65,9,0,56,72,82,50,66,76,42,80,53,0,0,88,75,83,80,69,77],